<?xml version="1.0" encoding="UTF-8"?>
<project-private xmlns="http://www.netbeans.org/ns/project-private/1">
    <editor-bookmarks xmlns="http://www.netbeans.org/ns/editor-bookmarks/2" lastBookmarkId="0"/>
    <open-files xmlns="http://www.netbeans.org/ns/projectui-open-files/2">
        <group>
            <file>file:/C:/Users/Renata/Documents/gdrive/Dropbox/Projeto%20de%20PI/Jogo%20da%20memoria/src/jogo/da/memoria/Inicial.java</file>
            <file>file:/C:/Users/Renata/Documents/gdrive/Dropbox/Projeto%20de%20PI/Jogo%20da%20memoria/src/jogo/da/memoria/JogoDaMemoria.java</file>
            <file>file:/C:/Users/Renata/Documents/gdrive/Dropbox/Projeto%20de%20PI/Jogo%20da%20memoria/src/jogo/da/memoria/Principal.java</file>
        </group>
    </open-files>
</project-private>
